{
  "baseline_diagnostics": {
    "bijux": {
      "abs_residual_fitted_correlation": 0.0234397354757235,
      "max_abs_z_residual": 3.07296182239248,
      "outlier_count_abs_z_ge_2": 5,
      "qq_correlation": 0.974935270488255,
      "residual_mean": -1.40419729177665e-09,
      "residual_sd": 106.90154433517,
      "residual_variance": 11427.9401812442
    },
    "r": {
      "abs_residual_fitted_correlation": 0.0234397354786275,
      "max_abs_z_residual": 3.07296182239106,
      "outlier_count_abs_z_ge_2": 5,
      "qq_correlation": 0.974950137688634,
      "residual_mean": 1.63135997766073e-15,
      "residual_sd": 1.00673408282104,
      "residual_variance": 1.01351351351351
    }
  },
  "estimated_lambda_diagnostics": {
    "bijux": {
      "abs_residual_fitted_correlation": 0.109972191549302,
      "max_abs_z_residual": 2.98631530647783,
      "outlier_count_abs_z_ge_2": 4,
      "qq_correlation": 0.977685033649863,
      "residual_mean": 42.6665002202872,
      "residual_sd": 112.113772315026,
      "residual_variance": 12569.4979427056
    },
    "r": {
      "abs_residual_fitted_correlation": 0.205562548325984,
      "max_abs_z_residual": 2.69248024938595,
      "outlier_count_abs_z_ge_2": 3,
      "qq_correlation": 0.980223544138575,
      "residual_mean": 0.17747904227692,
      "residual_sd": 0.990751756730887,
      "residual_variance": 0.981589043465338
    }
  },
  "evidence_id": "evidence-005",
  "schema_version": 1,
  "study_id": "primate-pgls-and-signal"
}
