{
  "bijux_continuous_mode_fits": {
    "brownian": {
      "aic": 956.8468,
      "log_likelihood": -476.4234,
      "parameter_count": 2,
      "rate": 88740.4378,
      "root_state": 262.35,
      "tip_values": [
        339.6,
        276.0,
        325.2,
        276.0,
        315.6,
        286.8,
        370.8,
        252.0,
        555.96,
        392.4,
        302.4,
        540.0,
        450.0,
        540.0,
        336.0,
        396.0,
        432.0,
        456.0,
        360.0,
        420.0,
        411.6,
        480.0,
        264.0,
        294.0,
        366.0,
        252.0,
        300.0,
        300.0,
        480.0,
        432.0,
        456.0,
        529.2,
        576.0,
        300.0,
        300.0,
        240.0,
        336.0,
        327.6,
        453.6,
        303.6,
        214.8,
        181.2,
        201.6,
        297.6,
        294.0,
        277.2,
        184.8,
        528.0,
        657.6,
        541.2,
        324.0,
        303.6,
        144.0,
        180.0,
        144.0,
        186.0,
        183.6,
        231.6,
        180.0,
        103.0,
        144.0,
        247.2,
        220.8,
        360.0,
        144.0,
        360.0,
        291.6,
        312.0,
        168.0,
        144.0,
        204.0,
        225.6,
        204.0,
        198.0,
        196.8
      ]
    },
    "early_burst": {
      "aic": 958.8468,
      "log_likelihood": -476.4234,
      "parameter_count": 3,
      "rate": 88740.5228,
      "rate_change": 0.0,
      "root_state": 262.35
    },
    "ornstein_uhlenbeck": {
      "aic": 928.5062,
      "alpha": 5.3356,
      "log_likelihood": -461.2531,
      "parameter_count": 3,
      "rate": 170195.2204,
      "root_state": 282.7197
    }
  },
  "evidence_id": "evidence-007",
  "r_continuous_mode_fits": {
    "brownian": {
      "aic": 956.84687588978,
      "log_likelihood": -476.42343794489,
      "parameter_count": 2,
      "rate": 88740.5017326116,
      "root_state": 262.35002249971,
      "tip_values": [
        339.6,
        276,
        325.2,
        276,
        315.6,
        286.8,
        370.8,
        252,
        555.96,
        392.4,
        302.4,
        540,
        450,
        540,
        336,
        396,
        432,
        456,
        360,
        420,
        411.6,
        480,
        264,
        294,
        366,
        252,
        300,
        300,
        480,
        432,
        456,
        529.2,
        576,
        300,
        300,
        240,
        336,
        327.6,
        453.6,
        303.6,
        214.8,
        181.2,
        201.6,
        297.6,
        294,
        277.2,
        184.8,
        528,
        657.6,
        541.2,
        324,
        303.6,
        144,
        180,
        144,
        186,
        183.6,
        231.6,
        180,
        103,
        144,
        247.2,
        220.8,
        360,
        144,
        360,
        291.6,
        312,
        168,
        144,
        204,
        225.6,
        204,
        198,
        196.8
      ]
    },
    "early_burst": {
      "aic": 928.506191316358,
      "log_likelihood": -461.253095658179,
      "rate": 3.94665535926673,
      "rate_change": 10.6718757865625,
      "root_state": 282.721003635748
    },
    "ornstein_uhlenbeck": {
      "aic": 928.506191773076,
      "alpha": 5.3343754665625,
      "log_likelihood": -461.253095886538,
      "rate": 170166.078758739,
      "root_state": 282.714422249887
    }
  },
  "schema_version": 1,
  "study_id": "primate-pgls-and-signal"
}
