taxon	value
A	3.06740746370519
B	3.06870666402881
C	3.08152752406605
D	3.0725636898451
E	3.00986621055354
F	3.01184070076549
G	3.02823613778014
H	3.02827495385546
I	3.9039401788351
J	3.94266145062118
K	3.82926372855349
L	3.84104978332131
