taxon	value
A	2.90672115348497
B	3.1693085121288
C	2.27439041152495
D	2.07232540380391
E	2.32755118782057
F	2.34127485966349
G	2.64334812188822
H	2.21561593014621
I	2.42750090127855
J	2.2102955515166
K	2.62474846942389
L	2.43439779797419
