taxon	value
SimTaxon1	1.25160503190247
SimTaxon2	1.21630594359817
SimTaxon3	1.27279827302605
SimTaxon4	1.27279827302605
SimTaxon5	1.41099805408809
SimTaxon6	1.19942805654943
SimTaxon7	1.17277331181274
SimTaxon8	1.10828244738982
