taxon	value
SimTaxon1	1.28248442997448
SimTaxon2	1.40635793868145
SimTaxon3	1.27780464334318
SimTaxon4	1.27780464334318
SimTaxon5	1.42582411479606
SimTaxon6	1.30589514014762
SimTaxon7	1.31694257050111
SimTaxon8	1.28625156151954
