node	descendant_taxa	true_value	estimated_value	absolute_error	standard_error	lower_95_interval	upper_95_interval	confidence
SimTaxon1|SimTaxon2|SimTaxon3|SimTaxon4|SimTaxon5|SimTaxon6|SimTaxon7|SimTaxon8	SimTaxon1,SimTaxon2,SimTaxon3,SimTaxon4,SimTaxon5,SimTaxon6,SimTaxon7,SimTaxon8	1.25	0.984459152586866	0.265540847413134	0.673922271586268	-0.33640422810164	2.30532253327537	0
SimTaxon1|SimTaxon2|SimTaxon3|SimTaxon4	SimTaxon1,SimTaxon2,SimTaxon3,SimTaxon4	1.2568723846259	0.722710663093246	0.534161721532654	0.754616304505974	-0.756310115885174	2.20173144207167	0
SimTaxon1|SimTaxon2	SimTaxon1,SimTaxon2	1.25502149529152	1.23395548775032	0.0210660075411999	0.624779171091567	0.00941081412006	2.45850016138058	0
SimTaxon3|SimTaxon4	SimTaxon3,SimTaxon4	1.27279827302605	0	1.27279827302605	1e-06	-1.959963985e-06	1.959963985e-06	0.999987050789975
SimTaxon5|SimTaxon6|SimTaxon7|SimTaxon8	SimTaxon5,SimTaxon6,SimTaxon7,SimTaxon8	1.19584483945321	1.23485831324969	0.03901347379648	0.676656359346491	-0.091363780979431	2.5610804074788	0
SimTaxon6|SimTaxon7|SimTaxon8	SimTaxon6,SimTaxon7,SimTaxon8	1.17315140109561	1.14801685223681	0.0251345488588	0.772221760132425	-0.36550998570087	2.66154369017449	0
SimTaxon6|SimTaxon7	SimTaxon6,SimTaxon7	1.17780082528835	1.18610068418109	0.00829985889273988	0.224930678508406	0.745244655286451	1.62695671307572	0
