taxon	value
A	4.23759725437092
B	3.23853169080984
C	3.41590848662888
D	4.15806831885301
E	3.15948365286822
F	2.97964684586461
G	1.33232845613412
H	2.85792457179993
I	1.7788272115725
J	1.15581252582946
K	0.350912549208544
L	0.598934374948418
