taxon	value
A	84.8627910022117
B	92.629897731067
C	221.844383090432
D	-28.599164502641
E	-179.539085569804
F	-45.4835271181679
G	79.5326056285317
H	56.204882517808
I	-55.372922991213
J	17.1266073570015
K	-33.2988526043247
L	24.1478999304682
