taxon	value
A	1.71868251441806
B	1.79512868795452
C	1.19749966325925
D	1.17630224969603
E	1.95295177191629
F	1.82053407310746
G	1.675092207594
H	1.87601274470098
I	1.45198809250176
J	1.18053010733419
K	1.81412532192545
L	1.6646784341716
