{
  "bijux_signal_test": {
    "estimated_lambda": 0.805,
    "estimated_log_likelihood": -446.943635101219,
    "likelihood_ratio": 41.0296165956062,
    "null_log_likelihood": -467.458443399022,
    "p_value": 1.49939793856223e-10
  },
  "evidence_id": "evidence-004",
  "r_signal_test": {
    "estimated_lambda": 0.80273442404245,
    "estimated_log_likelihood": -446.943234052535,
    "likelihood_ratio": 41.0304186930398,
    "null_log_likelihood": -467.458443399055,
    "p_value": 1.49878271747037e-10
  },
  "schema_version": 1,
  "study_id": "primate-pgls-and-signal"
}
