model	parameter_count	log_likelihood	aic	aicc	selected
brownian	2	-37.04376457057363	78.08752914114726	80.08752914114726	True
ou	3	-37.11100758259445	80.2220151651889	85.0220151651889	False
